﻿{
  "loaders": [
    {
      "type": "node",
      "name": "node"
    }
  ],
  "modules": [
    {
      "name": "node_sensor",
      "loader": {
        "name": "node",
        "entrypoint": {
          "main.path": "modules/sensor.js"
        }
      },
      "args": null
    },
    {
      "name": "iothub_writer",
      "loader": {
        "name": "node",
        "entrypoint": {
          "main.path": "modules/iothub_writer.js"
        }
      },
      "args": {
        "connection_string": "<Insert IoT hub device connection string here>"
      }
    },
    {
      "name": "node_asa",
      "loader": {
        "name": "node",
        "entrypoint": {
          "main.path": "modules/asa.js"
        }
      },
      "args": {
        "compiledqueryPath": "src/Compiledquery.txt",
        "referenceDataPath": "src/ReferenceData.txt",
        "udfFunctionPath": "src/UDFfunction.txt",
        "eventsOutOfOrderMaxDelayInMs": 0,
        "eventsOutOfOrderPolicy": "Adjust",
        "inputName": "[{\"Name\":\"input\",\"InputType\":0,\"RefDataLocalPath\":null}]",
        "outputName": "Filtered Data"
      }
    }
  ],
  "links": [
    {
      "source": "node_sensor",
      "sink": "node_asa"
    },
    {
      "source": "node_asa",
      "sink": "iothub_writer"
    }
  ]
}