{
  "moduleContent": {
    "$edgeAgent": {
      "properties.desired": {
        "schemaVersion": "1.0",
        "runtime": {
          "type": "docker",
          "settings": {
            "minDockerVersion": "v1.25",
            "loggingOptions": ""
          }
        },
        "systemModules": {
          "edgeAgent": {
            "type": "docker",
            "settings": {
              "image": "microsoft/azureiotedge-agent:1.0-preview",
              "createOptions": ""
            }
          },
          "edgeHub": {
            "type": "docker",
            "status": "running",
            "restartPolicy": "always",
            "settings": {
              "image": "microsoft/azureiotedge-hub:1.0-preview",
              "createOptions": ""
            }
          }
        },
        "modules": {
          "opencv": {
            "version": "1.0",
            "type": "docker",
            "status": "running",
            "restartPolicy": "always",
            "settings": {
              "image": "${MODULES.opencv.amd64}",
              "createOptions": "{ \"ExposedPorts\": { \"8080/tcp\": {} }, \"HostConfig\": { \"Privileged\": true, \"Binds\": [ \"/dev/video0:/dev/video0\", \"/dev/video1:/dev/video1\" ], \"PortBindings\": { \"8080/tcp\": [ { \"HostPort\": \"8080\" } ] } } }"
            }
          },
          "tensorflow": {
            "version": "1.0",
            "type": "docker",
            "status": "running",
            "restartPolicy": "always",
            "settings": {
              "image": "${MODULES.tensorflow.amd64}",
              "createOptions": "{ \"ExposedPorts\": { \"8181/tcp\": {} }, \"HostConfig\": { \"PortBindings\": { \"8181/tcp\": [ { \"HostPort\": \"8181\" } ] } } }"
            }
          },
          "tfObjectDetectionNoFPGA": {
            "version": "1.0",
            "type": "docker",
            "status": "running",
            "restartPolicy": "always",
            "settings": {
              "image": "${MODULES.tfObjectDetectionNoFPGA.amd64}",
              "createOptions": ""
            }
          }
        }
      }
    },
    "$edgeHub": {
      "properties.desired": {
        "schemaVersion": "1.0",
        "routes": {
          "opencvTotensorflow": "FROM /messages/modules/opencv/outputs/* INTO BrokeredEndpoint(\"/modules/tensorflow/inputs/input1\")",
          "tensorflowToIoTHub": "FROM /messages/modules/tensorflow/outputs/output1 INTO $upstream"
        },
        "storeAndForwardConfiguration": {
          "timeToLiveSecs": 7200
        }
      }
    }
  }
}