{
  "moduleContent": {
      "$edgeAgent": {
          "properties.desired": {
              "schemaVersion": "1.0",
              "runtime": {
                  "type": "docker",
                  "settings": {
                      "minDockerVersion": "v1.25",
                      "loggingOptions": ""
                  }
              },
              "systemModules": {
                  "edgeAgent": {
                      "type": "docker",
                      "settings": {
                          "image": "microsoft/azureiotedge-agent:1.0-preview",
                          "createOptions": "{}"
                      }
                  },
                  "edgeHub": {
                      "type": "docker",
                      "status": "running",
                      "restartPolicy": "always",
                      "settings": {
                          "image": "microsoft/azureiotedge-hub:1.0-preview",
                          "createOptions": "{}"
                      }
                  }
              },
              "modules": {
                  "opencv": {
                      "version": "1.0",
                      "type": "docker",
                      "status": "running",
                      "restartPolicy": "always",
                      "settings": {
                          "image": "ksaye/discoveropencv:0.0.2-amd64",
                          "createOptions": "{\"ExposedPorts\":{\"8080/tcp\":{}},\"HostConfig\":{\"Binds\":[\"/dev/video0:/dev/video0\",\"/dev/video1:/dev/video1\"],\"PortBindings\":{\"8080/tcp\":[{\"HostPort\":\"8080\"}]},\"Privileged\":true}}"
                      }
                  },
                  "objectdetection": {
                      "version": "1.0",
                      "type": "docker",
                      "status": "running",
                      "restartPolicy": "always",
                      "settings": {
                          "image": "ksaye/tfobjectdetectionwithgpu:0.0.1-amd64",
                          "createOptions": "{\"ExposedPorts\":{\"8282/tcp\":{}},\"HostConfig\":{\"PortBindings\":{\"8282/tcp\":[{\"HostPort\":\"8282\"}]},\"Runtime\":\"nvidia\"}}"
                      }
                  },
                  "imageclassification": {
                      "version": "1.0",
                      "type": "docker",
                      "status": "running",
                      "restartPolicy": "always",
                      "settings": {
                          "image": "ksaye/discovertensorflow:0.0.1-amd64",
                          "createOptions": "{\"ExposedPorts\":{\"8181/tcp\":{}},\"HostConfig\":{\"PortBindings\":{\"8181/tcp\":[{\"HostPort\":\"8181\"}]}}}"
                      }
                  },
                  "streamanalytics": {
                      "version": "1.0.0.0",
                      "type": "docker",
                      "status": "running",
                      "restartPolicy": "always",
                      "settings": {
                          "image": "microsoft/azureiotedge-azure-stream-analytics:1.0.0-preview006",
                          "createOptions": ""
                      }
                  }
              }
          }
      },
      "$edgeHub": {
          "properties.desired": {
              "schemaVersion": "1.0",
              "routes": {
                  "opencvToTensorFlow": "FROM /messages/modules/opencv/outputs/* INTO BrokeredEndpoint(\"/modules/imageclassification/inputs/input1\")",
                  "opencvToStream": "FROM /messages/modules/opencv/outputs/* INTO BrokeredEndpoint(\"/modules/streamanalytics/inputs/input1\")",
                  "streamToObjectDetection": "FROM /messages/modules/streamanalytics/outputs/* INTO BrokeredEndpoint(\"/modules/objectdetection/inputs/input1\")",
                  "ObjectDetectionToIoTHub": "FROM /messages/modules/objectdetection/outputs/output1 INTO $upstream",
                  "tensorFlowToIoTHub": "FROM /messages/modules/imageclassification/outputs/output1 INTO $upstream"
              },
              "storeAndForwardConfiguration": {
                  "timeToLiveSecs": 7200
              }
          }
      },
      "streamanalytics": {
          "properties.desired": {
              "ASAJobInfo": "https://kevinsayedgedemo.blob.core.windows.net/hpdiscoverstream/EdgeJobs/5a38ebe4-0eae-4031-892a-2e8ecfd6b47b/6b745dc4-ef90-4479-92ef-7dc4964afff9/ASAJobInfo.txt?sv=2017-04-17&sr=b&sig=QlhuL%2BLx54YwJHL5e9Ua3kLl45BZMy49pX2ewUexdLE%3D&st=2018-06-14T13%3A41%3A17Z&se=2021-06-14T13%3A51%3A17Z&sp=r",
              "ASAJobResourceId": "/subscriptions/dc6f773e-4b13-4f8b-8d76-f34469246722/resourceGroups/HPDiscover/providers/Microsoft.StreamAnalytics/streamingjobs/streamanalytics",
              "ASAJobEtag": "6a00a931-7ba3-4a4e-be5a-ac3052c01701"
          }
      }
  }
}