{
  "version": "v4",
  "repo": "borisyankov/DefinitelyTyped",
  "ref": "master",
  "path": "typings",
  "bundle": "typings/tsd.d.ts",
  "installed": {
    "express/express.d.ts": {
      "commit": "066819c65ff561ca109955e0b725c253e243f0a2"
    },
    "angularjs/angular.d.ts": {
      "commit": "448c3509f1ae76930ebd2d79df23e288172f5a0a"
    },
    "mocha/mocha.d.ts": {
      "commit": "6ecab2f1001e46887aea94b45ef0f58c98fca0ac"
    },
    "chai/chai.d.ts": {
      "commit": "6ecab2f1001e46887aea94b45ef0f58c98fca0ac"
    },
    "node/node.d.ts": {
      "commit": "3191f6e0088eee07c4d8fd24e4d27a40a60d9eb9"
    },
    "jquery/jquery.d.ts": {
      "commit": "3191f6e0088eee07c4d8fd24e4d27a40a60d9eb9"
    }
  }
}
